description,title
A Fast-Paced Documentary of a Pastry Chef And a Dentist who must Pursue a Forensic Psychologist in The Gulf of Mexico,AFRICAN EGG
A Awe-Inspiring Reflection of a Pastry Chef And a Teacher who must Overcome a Sumo Wrestler in A U-Boat,APACHE DIVINE
A Thrilling Yarn of a Feminist And a Hunter who must Fight a Technical Writer in A Shark Tank,ATLANTIS CAUSE
A Stunning Drama of a Forensic Psychologist And a Husband who must Overcome a Waitress in A Monastery,BAKED CLEOPATRA
A Epic Drama of a Madman And a Cat who must Face a A Shark in An Abandoned Amusement Park,BANG KWAI
A Astounding Character Study of a Madman And a Robot who must Meet a Mad Scientist in An Abandoned Fun House,BEDAZZLED MARRIED
A Emotional Reflection of a Teacher And a Man who must Meet a Cat in The First Manned Space Station,BILKO ANONYMOUS
A Emotional Documentary of a Student And a Girl who must Build a Boat in Nigeria,BLANKET BEVERLY
A Boring Drama of a Explorer And a Man who must Kill a Lumberjack in A Manhattan Penthouse,BLOOD ARGONAUTS
A Insightful Documentary of a Boat And a Composer who must Meet a Forensic Psychologist in An Abandoned Fun House,BLUES INSTINCT
A Insightful Story of a Dog And a Pastry Chef who must Battle a Girl in Berlin,BRAVEHEART HUMAN
A Astounding Saga of a Technical Writer And a Butler who must Battle a Butler in A Shark Tank,CHASING FIGHT
A Epic Documentary of a Sumo Wrestler And a Butler who must Kill a Car in Ancient India,CHISUM BEHAVIOR
A Action-Packed Epistle of a Dentist And a Moose who must Meet a Mad Cow in Ancient Japan,CHOCOLAT HARRY
A Stunning Epistle of a Cat And a Forensic Psychologist who must Confront a Pioneer in A Baloon,CONFUSED CANDLES
A Taut Character Study of a Husband And a Waitress who must Sink a Squirrel in A MySQL Convention,CONVERSATION DOWNHILL
A Touching Saga of a Composer And a Moose who must Discover a Dentist in A MySQL Convention,DATE SPEED
A Action-Packed Drama of a Feminist And a Girl who must Reach a Robot in The Canadian Rockies,DINOSAUR SECRETARY
A Touching Display of a Feminist And a Dentist who must Conquer a Husband in The Gulf of Mexico,DUMBO LUST
A Stunning Character Study of a Dentist And a Mad Cow who must Find a Teacher in Nigeria,EARRING INSTINCT
A Beautiful Display of a Pastry Chef And a Pastry Chef who must Outgun a Forensic Psychologist in A Manhattan Penthouse,EFFECT GLADIATOR
A Brilliant Reflection of a Database Administrator And a Mad Cow who must Chase a Woman in The Canadian Rockies,FEUD FROGMEN
A Fateful Tale of a Database Administrator And a Girl who must Battle a Squirrel in New Orleans,FINDING ANACONDA
A Fateful Display of a Cat And a Pioneer who must Challenge a Pastry Chef in A Baloon Factory,GABLES METROPOLIS
A Thoughtful Display of a Mad Scientist And a Secret Agent who must Chase a Boat in Berlin,GANDHI KWAI
A Astounding Reflection of a Squirrel And a Sumo Wrestler who must Sink a Dentist in Ancient Japan,GLADIATOR WESTWARD
A Emotional Panorama of a Secret Agent And a Waitress who must Escape a Composer in Soviet Georgia,GREASE YOUTH
A Epic Epistle of a Database Administrator And a Crocodile who must Face a Madman in A Jet Boat,HALF OUTFIELD
A Awe-Inspiring Tale of a Girl And a Madman who must Outgun a Student in A Shark Tank,HOCUS FRIDA
A Astounding Documentary of a Hunter And a Boy who must Confront a Boy in A MySQL Convention,HOMICIDE PEACH
A Taut Story of a Pioneer And a Squirrel who must Battle a Student in Soviet Georgia,HOUSE DYNAMITE
A Thrilling Reflection of a Pioneer And a Dentist who must Outrace a Womanizer in An Abandoned Mine Shaft,HUNTING MUSKETEERS
A Insightful Saga of a Mad Scientist And a Mad Scientist who must Kill a Astronaut in An Abandoned Fun House,INDIAN LOVE
A Thoughtful Tale of a Woman And a A Shark who must Conquer a Dog in A Monastery,JASON TRAP
A Astounding Reflection of a Explorer And a Dentist who must Pursue a Student in Nigeria,JEDI BENEATH
A Fanciful Character Study of a Student And a Explorer who must Succumb a Composer in An Abandoned Mine Shaft,KILLER INNOCENT
A Action-Packed Tale of a Boy And a Lumberjack who must Chase a Madman in A Baloon,KING EVOLUTION
A Thrilling Drama of a Girl And a Robot who must Redeem a Waitress in An Abandoned Mine Shaft,LOLITA WORLD
A Lacklusture Drama of a Girl And a Technical Writer who must Redeem a Monkey in A Shark Tank,LOUISIANA HARRY
A Fast-Paced Reflection of a Waitress And a Hunter who must Defeat a Forensic Psychologist in A Baloon,MAGUIRE APACHE
A Stunning Tale of a Mad Cow And a Boy who must Battle a Boy in Berlin,MANCHURIAN CURTAIN
A Insightful Display of a Database Administrator And a Student who must Build a Hunter in Berlin,MOVIE SHAKESPEARE
A Thrilling Tale of a Butler And a Astronaut who must Battle a Explorer in The First Manned Space Station,MUSIC BOONDOCK
A Fast-Paced Story of a Sumo Wrestler And a Girl who must Defeat a Car in A Baloon Factory,NATURAL STOCK
A Unbelieveable Reflection of a Butler And a Boat who must Outgun a Mad Scientist in California,NETWORK PEAK
A Thrilling Yarn of a Feminist And a Madman who must Battle a Hunter in Berlin,ODDS BOOGIE
A Fateful Epistle of a Crocodile And a Moose who must Kill a Explorer in Nigeria,OPPOSITE NECKLACE
A Awe-Inspiring Reflection of a Crocodile And a Sumo Wrestler who must Meet a Forensic Psychologist in An Abandoned Mine Shaft,PILOT HOOSIERS
A Thrilling Epistle of a Boy And a Boat who must Find a Student in Soviet Georgia,PITTSBURGH HUNCHBACK
A Fateful Panorama of a Technical Writer And a Moose who must Battle a Robot in Soviet Georgia,PRESIDENT BANG
A Stunning Saga of a Mad Scientist And a Boat who must Overcome a Dentist in Ancient China,PRIX UNDEFEATED
A Fast-Paced Saga of a Astronaut And a Secret Agent who must Escape a Hunter in An Abandoned Amusement Park,RAGE GAMES
A Insightful Documentary of a Hunter And a Dentist who must Confront a Crocodile in A Baloon,RANGE MOONWALKER
A Insightful Tale of a Technical Writer And a Waitress who must Conquer a Monkey in Ancient India,REMEMBER DIARY
A Epic Yarn of a Robot And a Explorer who must Challenge a Girl in A MySQL Convention,RESURRECTION SILVERADO
A Taut Reflection of a Robot And a Squirrel who must Fight a Boat in Ancient Japan,ROBBERY BRIGHT
A Emotional Display of a Man And a Dentist who must Challenge a Squirrel in Australia,RUSH GOODFELLAS
A Fateful Saga of a Cat And a Frisbee who must Kill a Girl in A Manhattan Penthouse,SECRETS PARADISE
A Emotional Tale of a Robot And a Sumo Wrestler who must Redeem a Pastry Chef in A Baloon Factory,SENSIBILITY REAR
A Boring Tale of a Frisbee And a Crocodile who must Vanquish a Moose in An Abandoned Mine Shaft,SIEGE MADRE
A Amazing Character Study of a Teacher And a Database Administrator who must Defeat a Waitress in A Jet Boat,SLUMS DUCK
A Fast-Paced Display of a Robot And a Butler who must Defeat a Butler in A MySQL Convention,SOUP WISDOM
A Thrilling Panorama of a Pastry Chef And a Secret Agent who must Overcome a Student in A Manhattan Penthouse,SPARTACUS CHEAPER
A Lacklusture Epistle of a Sumo Wrestler And a Squirrel who must Defeat a Explorer in California,SPINAL ROCKY
A Taut Saga of a Crocodile And a Boat who must Conquer a Hunter in A Shark Tank,SPLASH GUMP
A Awe-Inspiring Reflection of a Astronaut And a A Shark who must Defeat a Forensic Psychologist in California,SUNSET RACER
A Action-Packed Saga of a Pastry Chef And a Explorer who must Discover a A Shark in The Outback,SUPER WYOMING
A Fateful Tale of a Database Administrator And a Squirrel who must Discover a Student in Soviet Georgia,VIRTUAL SPOILERS
A Brilliant Panorama of a Boat And a Astronaut who must Challenge a Teacher in A Manhattan Penthouse,WILLOW TRACY
